{"objects":[{"model":"models/uvmd-0087.glb","mat":[0.1000061,0,0,0,0,0.1000061,0,0,0,0,0.1000061,0,-641.5396,224.7594,-930.5,1],"type":80,"uvmd":87,"mask":"0x0003","chunk":49,"cell":[2,5],"pos":[126.460396,162.5,224.75938]}]}
