{"objects":[{"model":"models/uvmd-0030.glb","mat":[-0.08744812,0,-0.048477173,0,0,0.1000061,0,0,0.048461914,0,-0.08744812,0,-3492.0706,37,-700.2172,1],"type":23,"uvmd":30,"mask":"0x6600","chunk":59,"cell":[0,3],"pos":[7.9294014,-299.78278,37]}]}
