{"objects":[{"model":"models/uvmd-0151.glb","mat":[0.045394897,0,-0.08909607,0,0,0.1000061,0,0,0.08908081,0,0.045394897,0,3516.9766,8,-1352.0536,1],"type":144,"uvmd":151,"mask":"0x0006","chunk":66,"cell":[7,3],"pos":[16.976597,352.05356,8]},{"model":"models/uvmd-0115.glb","mat":[0.046218872,0,-0.08868408,0,0,0.1000061,0,0,0.08866882,0,0.046218872,0,3503.5835,8,-1228.5471,1],"type":108,"uvmd":115,"mask":"0x0066","chunk":66,"cell":[7,3],"pos":[3.5834484,228.54707,8]},{"model":"models/uvmd-0126.glb","mat":[-0.083847046,0,-0.05445862,0,0,0.1000061,0,0,0.05444336,0,-0.083847046,0,3507.518,34,-1790.466,1],"type":119,"uvmd":126,"mask":"0x0666","chunk":58,"cell":[7,4],"pos":[7.5180283,-209.53403,34]},{"model":"models/uvmd-0126.glb","mat":[-0.083847046,0,-0.05445862,0,0,0.1000061,0,0,0.05444336,0,-0.083847046,0,3570.5024,34,-1749.5636,1],"type":119,"uvmd":126,"mask":"0x2222","chunk":58,"cell":[7,4],"pos":[70.502426,-250.43637,34]}]}
