{"objects":[{"model":"models/uvmd-0054.glb","mat":[0.1000061,0,0,0,0,0.1000061,0,0,0,0,0.1000061,0,997,0,1457,1],"type":47,"uvmd":54,"mask":"0x1000","chunk":44,"cell":[5,1],"pos":[229,-177,0]},{"model":"models/uvmd-0052.glb","mat":[0.0809021,0,-0.058776855,0,0,0.1000061,0,0,0.058761597,0,0.0809021,0,936,0,1416,1],"type":45,"uvmd":52,"mask":"0x1000","chunk":44,"cell":[5,1],"pos":[168,-136,0]},{"model":"models/uvmd-0053.glb","mat":[0.0826416,0,-0.05630493,0,0,0.1000061,0,0,0.056289673,0,0.0826416,0,1418,0,-83,1],"type":46,"uvmd":53,"mask":"0x1000","chunk":27,"cell":[6,4],"pos":[138,-173,0]}]}
