{"objects":[{"model":"models/uvmd-0087.glb","mat":[0.025878906,0,0.096572876,0,0,0.1000061,0,0,-0.096588135,0,0.025878906,0,-734.2683,250.79352,-770.50024,1],"type":80,"uvmd":87,"mask":"0x0220","chunk":49,"cell":[2,5],"pos":[33.731705,2.5002117,250.79352]},{"model":"models/uvmd-0087.glb","mat":[-0.005218506,0,-0.099868774,0,0,0.1000061,0,0,0.099853516,0,-0.005218506,0,-642,241.95218,-743.6346,1],"type":80,"uvmd":87,"mask":"0x0200","chunk":49,"cell":[2,5],"pos":[126,-24.36544,241.95216]}]}
