{"objects":[{"model":"models/uvmd-0087.glb","mat":[-0.005218506,0,-0.099868774,0,0,0.1000061,0,0,0.099853516,0,-0.005218506,0,-836.9234,279.7435,-712.33496,1],"type":80,"uvmd":87,"mask":"0x0400","chunk":49,"cell":[2,5],"pos":[-68.9234,-55.665047,279.7435]},{"model":"models/uvmd-0087.glb","mat":[-0.024169922,0,-0.09703064,0,0,0.1000061,0,0,0.09701538,0,-0.024169922,0,-769.8915,263.90503,-733.6601,1],"type":80,"uvmd":87,"mask":"0x0400","chunk":49,"cell":[2,5],"pos":[-1.8914719,-34.33992,263.90503]}]}
