{"objects":[{"model":"models/uvmd-0054.glb","mat":[0.022491455,0,-0.09744263,0,0,0.1000061,0,0,0.09742737,0,0.022491455,0,2087.442,2,-945.76807,1],"type":47,"uvmd":54,"mask":"0x0800","chunk":65,"cell":[6,3],"pos":[-412.5581,-54.231934,1.9999931]},{"model":"models/uvmd-0099.glb","mat":[0.1000061,0,0,0,0,0.1000061,0,0,0,0,0.1000061,0,3205.9348,10,-1000.9315,1],"type":92,"uvmd":99,"mask":"0x0880","chunk":66,"cell":[7,3],"pos":[-294.0652,0.93151855,10]},{"model":"models/uvmd-0099.glb","mat":[0.1000061,0,0,0,0,0.1000061,0,0,0,0,0.1000061,0,3223.408,10,-968.8406,1],"type":92,"uvmd":99,"mask":"0x0800","chunk":66,"cell":[7,3],"pos":[-276.59204,-31.159424,10.000005]},{"model":"models/uvmd-0114.glb","mat":[0.08888245,0,0.045806885,0,0,0.1000061,0,0,-0.045822144,0,0.08888245,0,3220.0479,8,-1009.6669,1],"type":107,"uvmd":114,"mask":"0x08C0","chunk":66,"cell":[7,3],"pos":[-279.95215,9.666901,8]}]}
