{"objects":[{"model":"models/uvmd-0126.glb","mat":[0.048477173,0,-0.08746338,0,0,0.1000061,0,0,0.08744812,0,0.048477173,0,-3537.6418,37,-602.8809,1],"type":119,"uvmd":126,"mask":"0x4444","chunk":59,"cell":[0,3],"pos":[-37.641773,-397.11908,37]},{"model":"models/uvmd-0046.glb","mat":[0.1000061,0,0,0,0,0.1000061,0,0,0,0,0.1000061,0,-3527.7961,36.550003,-661.74786,1],"type":39,"uvmd":46,"mask":"0x4444","chunk":59,"cell":[0,3],"pos":[-27.796051,-338.25214,36.55]},{"model":"models/uvmd-0046.glb","mat":[0.1000061,0,0,0,0,0.1000061,0,0,0,0,0.1000061,0,-3515.297,36.550003,-682.2607,1],"type":39,"uvmd":46,"mask":"0x4444","chunk":59,"cell":[0,3],"pos":[-15.297055,-317.73932,36.55]}]}
