{"objects":[{"model":"models/uvmd-0054.glb","mat":[0.098861694,0,-0.015045166,0,0,0.1000061,0,0,0.015029907,0,0.098861694,0,-2016,0,-878,1],"type":47,"uvmd":54,"mask":"0x0088","chunk":13,"cell":[0,5],"pos":[-224,110,0]},{"model":"models/uvmd-0053.glb","mat":[0.1000061,0,0,0,0,0.1000061,0,0,0,0,0.1000061,0,-2002,0,-918,1],"type":46,"uvmd":53,"mask":"0x0008","chunk":13,"cell":[0,5],"pos":[-210,150,0]},{"model":"models/uvmd-0055.glb","mat":[0.08000183,0,0.0599823,0,0,0.1000061,0,0,-0.05999756,0,0.08000183,0,-2032,0,-917,1],"type":48,"uvmd":55,"mask":"0x0008","chunk":13,"cell":[0,5],"pos":[-240,149,0]},{"model":"models/uvmd-0078.glb","mat":[0.1000061,0,0,0,0,0.1000061,0,0,0,0,0.1000061,0,1655,9,-854,1],"type":71,"uvmd":78,"mask":"0x00CC","chunk":20,"cell":[7,5],"pos":[-137,86,9]}]}
