{"objects":[{"model":"models/uvmd-0109.glb","mat":[0.017364502,0,-0.098480225,0,0,0.1000061,0,0,0.098464966,0,0.017364502,0,3299.33,0,-750.5597,1],"type":102,"uvmd":109,"mask":"0x4400","chunk":66,"cell":[7,3],"pos":[-200.66986,-249.4403,0]},{"model":"models/uvmd-0030.glb","mat":[-0.091796875,0,0.039627075,0,0,0.1000061,0,0,-0.039642334,0,-0.091796875,0,3387.3193,28.843063,-1593.293,1],"type":23,"uvmd":30,"mask":"0x4000","chunk":58,"cell":[7,4],"pos":[-112.68063,-406.707,28.843056]},{"model":"models/uvmd-0046.glb","mat":[-0.091781616,0,0.039642334,0,0,0.1000061,0,0,-0.039657593,0,-0.091781616,0,3411.0066,28.399994,-1656.8739,1],"type":39,"uvmd":46,"mask":"0x4444","chunk":58,"cell":[7,4],"pos":[-88.993355,-343.12613,28.4]}]}
