{"objects":[{"model":"models/uvmd-0099.glb","mat":[0.1000061,0,0,0,0,0.1000061,0,0,0,0,0.1000061,0,3205.9348,10,-1000.9315,1],"type":92,"uvmd":99,"mask":"0x0880","chunk":66,"cell":[7,3],"pos":[-294.0652,0.93151855,10]},{"model":"models/uvmd-0114.glb","mat":[0.08888245,0,0.045806885,0,0,0.1000061,0,0,-0.045822144,0,0.08888245,0,3220.0479,8,-1009.6669,1],"type":107,"uvmd":114,"mask":"0x08C0","chunk":66,"cell":[7,3],"pos":[-279.95215,9.666901,8]}]}
