{"objects":[{"model":"models/uvmd-0126.glb","mat":[-0.083847046,0,-0.05445862,0,0,0.1000061,0,0,0.05444336,0,-0.083847046,0,3570.5024,34,-1749.5636,1],"type":119,"uvmd":126,"mask":"0x2222","chunk":58,"cell":[7,4],"pos":[70.502426,-250.43637,34]}]}
