{"objects":[{"model":"models/uvmd-0067.glb","mat":[0.083862305,0,0.05444336,0,0,0.1000061,0,0,-0.05445862,0,0.083862305,0,-3249.8315,10,-2222.2505,1],"type":60,"uvmd":67,"mask":"0x0030","chunk":51,"cell":[0,4],"pos":[250.1684,222.25047,10]}]}
