{"objects":[{"model":"models/uvmd-0125.glb","mat":[0.042266846,0,-0.09063721,0,0,0.1000061,0,0,0.09062195,0,0.042266846,0,3184.9016,30,-1708.0099,1],"type":118,"uvmd":125,"mask":"0x8000","chunk":58,"cell":[7,4],"pos":[-315.0983,-291.9901,30]},{"model":"models/uvmd-0034.glb","mat":[0.1000061,0,0,0,0,0.1000061,0,0,0,0,0.1000061,0,3229.4807,30,-1696.6674,1],"type":27,"uvmd":34,"mask":"0x8000","chunk":58,"cell":[7,4],"pos":[-270.51923,-303.33267,30]}]}
